bill_id,document_id,document_type,document_size,document_mime,document_desc,url,state_link
1882815,3010365,text,20855,text/html,Introduced,https://legiscan.com/VA/text/HB6003/id/3010365,https://lis.virginia.gov/cgi-bin/legp604.exe?242+ful+HB6003+hil
1883989,3013405,text,43300,text/html,Introduced,https://legiscan.com/VA/text/HB6004/id/3013405,https://lis.virginia.gov/cgi-bin/legp604.exe?242+ful+HB6004+hil
1883989,3014730,text,41890,text/html,Enrolled,https://legiscan.com/VA/text/HB6004/id/3014730,https://lis.virginia.gov/cgi-bin/legp604.exe?242+ful+HB6004ER+hil
1883989,3014837,text,41878,text/html,Chaptered,https://legiscan.com/VA/text/HB6004/id/3014837,https://lis.virginia.gov/cgi-bin/legp604.exe?242+ful+CHAP0004+hil
1877732,2996184,text,2986,text/html,Prefiled,https://legiscan.com/VA/text/HR601/id/2996184,https://lis.virginia.gov/cgi-bin/legp604.exe?242+ful+HR601+hil
1877732,3007853,text,2803,text/html,Enrolled,https://legiscan.com/VA/text/HR601/id/3007853,https://lis.virginia.gov/cgi-bin/legp604.exe?242+ful+HR601ER+hil
1877737,2996187,text,2894,text/html,Prefiled,https://legiscan.com/VA/text/HR602/id/2996187,https://lis.virginia.gov/cgi-bin/legp604.exe?242+ful+HR602+hil
1877737,3007777,text,2726,text/html,Enrolled,https://legiscan.com/VA/text/HR602/id/3007777,https://lis.virginia.gov/cgi-bin/legp604.exe?242+ful+HR602ER+hil
1877730,2996183,text,3712,text/html,Prefiled,https://legiscan.com/VA/text/HR603/id/2996183,https://lis.virginia.gov/cgi-bin/legp604.exe?242+ful+HR603+hil
1877730,3007784,text,3523,text/html,Enrolled,https://legiscan.com/VA/text/HR603/id/3007784,https://lis.virginia.gov/cgi-bin/legp604.exe?242+ful+HR603ER+hil
1877736,2996186,text,2453,text/html,Prefiled,https://legiscan.com/VA/text/HR604/id/2996186,https://lis.virginia.gov/cgi-bin/legp604.exe?242+ful+HR604+hil
1877736,3007779,text,2291,text/html,Enrolled,https://legiscan.com/VA/text/HR604/id/3007779,https://lis.virginia.gov/cgi-bin/legp604.exe?242+ful+HR604ER+hil
1877727,2996181,text,5307,text/html,Prefiled,https://legiscan.com/VA/text/HR605/id/2996181,https://lis.virginia.gov/cgi-bin/legp604.exe?242+ful+HR605+hil
1877727,3007727,text,5055,text/html,Enrolled,https://legiscan.com/VA/text/HR605/id/3007727,https://lis.virginia.gov/cgi-bin/legp604.exe?242+ful+HR605ER+hil
1877782,2996259,text,3376,text/html,Prefiled,https://legiscan.com/VA/text/HR606/id/2996259,https://lis.virginia.gov/cgi-bin/legp604.exe?242+ful+HR606+hil
1877782,3007880,text,3173,text/html,Enrolled,https://legiscan.com/VA/text/HR606/id/3007880,https://lis.virginia.gov/cgi-bin/legp604.exe?242+ful+HR606ER+hil
1877815,2996797,text,2742,text/html,Prefiled,https://legiscan.com/VA/text/HR607/id/2996797,https://lis.virginia.gov/cgi-bin/legp604.exe?242+ful+HR607+hil
1877815,3007870,text,2580,text/html,Enrolled,https://legiscan.com/VA/text/HR607/id/3007870,https://lis.virginia.gov/cgi-bin/legp604.exe?242+ful+HR607ER+hil
1877951,2996549,text,2833,text/html,Prefiled,https://legiscan.com/VA/text/HR608/id/2996549,https://lis.virginia.gov/cgi-bin/legp604.exe?242+ful+HR608+hil
1877951,3007767,text,2658,text/html,Enrolled,https://legiscan.com/VA/text/HR608/id/3007767,https://lis.virginia.gov/cgi-bin/legp604.exe?242+ful+HR608ER+hil
1877750,2996228,text,3312,text/html,Prefiled,https://legiscan.com/VA/text/HR609/id/2996228,https://lis.virginia.gov/cgi-bin/legp604.exe?242+ful+HR609+hil
1877750,3007875,text,3087,text/html,Enrolled,https://legiscan.com/VA/text/HR609/id/3007875,https://lis.virginia.gov/cgi-bin/legp604.exe?242+ful+HR609ER+hil
1877765,2996243,text,2398,text/html,Prefiled,https://legiscan.com/VA/text/HR610/id/2996243,https://lis.virginia.gov/cgi-bin/legp604.exe?242+ful+HR610+hil
1877765,3008845,text,2227,text/html,Enrolled,https://legiscan.com/VA/text/HR610/id/3008845,https://lis.virginia.gov/cgi-bin/legp604.exe?242+ful+HR610ER+hil
1877775,2996252,text,3387,text/html,Prefiled,https://legiscan.com/VA/text/HR611/id/2996252,https://lis.virginia.gov/cgi-bin/legp604.exe?242+ful+HR611+hil
1877775,3008843,text,3192,text/html,Enrolled,https://legiscan.com/VA/text/HR611/id/3008843,https://lis.virginia.gov/cgi-bin/legp604.exe?242+ful+HR611ER+hil
1877812,2996290,text,3722,text/html,Prefiled,https://legiscan.com/VA/text/HR612/id/2996290,https://lis.virginia.gov/cgi-bin/legp604.exe?242+ful+HR612+hil
1877812,3007874,text,3543,text/html,Enrolled,https://legiscan.com/VA/text/HR612/id/3007874,https://lis.virginia.gov/cgi-bin/legp604.exe?242+ful+HR612ER+hil
1877787,2996264,text,3545,text/html,Prefiled,https://legiscan.com/VA/text/HR613/id/2996264,https://lis.virginia.gov/cgi-bin/legp604.exe?242+ful+HR613+hil
1877787,3008167,text,3343,text/html,Enrolled,https://legiscan.com/VA/text/HR613/id/3008167,https://lis.virginia.gov/cgi-bin/legp604.exe?242+ful+HR613ER+hil
1877785,2996262,text,2387,text/html,Prefiled,https://legiscan.com/VA/text/HR614/id/2996262,https://lis.virginia.gov/cgi-bin/legp604.exe?242+ful+HR614+hil
1877785,3009471,text,2232,text/html,Enrolled,https://legiscan.com/VA/text/HR614/id/3009471,https://lis.virginia.gov/cgi-bin/legp604.exe?242+ful+HR614ER+hil
1877909,2996520,text,1564,text/html,Prefiled,https://legiscan.com/VA/text/HR615/id/2996520,https://lis.virginia.gov/cgi-bin/legp604.exe?242+ful+HR615+hil
1877909,3007763,text,1472,text/html,Enrolled,https://legiscan.com/VA/text/HR615/id/3007763,https://lis.virginia.gov/cgi-bin/legp604.exe?242+ful+HR615ER+hil
1877945,2996546,text,1487,text/html,Prefiled,https://legiscan.com/VA/text/HR616/id/2996546,https://lis.virginia.gov/cgi-bin/legp604.exe?242+ful+HR616+hil
1877945,3007773,text,1355,text/html,Enrolled,https://legiscan.com/VA/text/HR616/id/3007773,https://lis.virginia.gov/cgi-bin/legp604.exe?242+ful+HR616ER+hil
1877839,2996471,text,3722,text/html,Prefiled,https://legiscan.com/VA/text/HR617/id/2996471,https://lis.virginia.gov/cgi-bin/legp604.exe?242+ful+HR617+hil
1877839,3007735,text,3518,text/html,Enrolled,https://legiscan.com/VA/text/HR617/id/3007735,https://lis.virginia.gov/cgi-bin/legp604.exe?242+ful+HR617ER+hil
1877808,2996286,text,3023,text/html,Prefiled,https://legiscan.com/VA/text/HR618/id/2996286,https://lis.virginia.gov/cgi-bin/legp604.exe?242+ful+HR618+hil
1877808,3009699,text,2836,text/html,Enrolled,https://legiscan.com/VA/text/HR618/id/3009699,https://lis.virginia.gov/cgi-bin/legp604.exe?242+ful+HR618ER+hil
1877795,2996272,text,3781,text/html,Prefiled,https://legiscan.com/VA/text/HR619/id/2996272,https://lis.virginia.gov/cgi-bin/legp604.exe?242+ful+HR619+hil
1877795,3007897,text,3580,text/html,Enrolled,https://legiscan.com/VA/text/HR619/id/3007897,https://lis.virginia.gov/cgi-bin/legp604.exe?242+ful+HR619ER+hil
1877754,2996232,text,2079,text/html,Prefiled,https://legiscan.com/VA/text/HR620/id/2996232,https://lis.virginia.gov/cgi-bin/legp604.exe?242+ful+HR620+hil
1877754,3008467,text,1933,text/html,Enrolled,https://legiscan.com/VA/text/HR620/id/3008467,https://lis.virginia.gov/cgi-bin/legp604.exe?242+ful+HR620ER+hil
1877986,2996576,text,3345,text/html,Prefiled,https://legiscan.com/VA/text/HR621/id/2996576,https://lis.virginia.gov/cgi-bin/legp604.exe?242+ful+HR621+hil
1877986,3007770,text,3253,text/html,Enrolled,https://legiscan.com/VA/text/HR621/id/3007770,https://lis.virginia.gov/cgi-bin/legp604.exe?242+ful+HR621ER+hil
1877746,2996224,text,2666,text/html,Prefiled,https://legiscan.com/VA/text/HR622/id/2996224,https://lis.virginia.gov/cgi-bin/legp604.exe?242+ful+HR622+hil
1877746,3007890,text,2492,text/html,Enrolled,https://legiscan.com/VA/text/HR622/id/3007890,https://lis.virginia.gov/cgi-bin/legp604.exe?242+ful+HR622ER+hil
1877821,2996298,text,3677,text/html,Prefiled,https://legiscan.com/VA/text/HR623/id/2996298,https://lis.virginia.gov/cgi-bin/legp604.exe?242+ful+HR623+hil
1877821,3009204,text,3441,text/html,Enrolled,https://legiscan.com/VA/text/HR623/id/3009204,https://lis.virginia.gov/cgi-bin/legp604.exe?242+ful+HR623ER+hil
1877777,2996254,text,3844,text/html,Prefiled,https://legiscan.com/VA/text/HR624/id/2996254,https://lis.virginia.gov/cgi-bin/legp604.exe?242+ful+HR624+hil
1877777,3007886,text,3638,text/html,Enrolled,https://legiscan.com/VA/text/HR624/id/3007886,https://lis.virginia.gov/cgi-bin/legp604.exe?242+ful+HR624ER+hil
1877742,2996221,text,3079,text/html,Prefiled,https://legiscan.com/VA/text/HR625/id/2996221,https://lis.virginia.gov/cgi-bin/legp604.exe?242+ful+HR625+hil
1877742,3008159,text,2899,text/html,Enrolled,https://legiscan.com/VA/text/HR625/id/3008159,https://lis.virginia.gov/cgi-bin/legp604.exe?242+ful+HR625ER+hil
1877744,2996223,text,3070,text/html,Prefiled,https://legiscan.com/VA/text/HR626/id/2996223,https://lis.virginia.gov/cgi-bin/legp604.exe?242+ful+HR626+hil
1877744,3007887,text,2877,text/html,Enrolled,https://legiscan.com/VA/text/HR626/id/3007887,https://lis.virginia.gov/cgi-bin/legp604.exe?242+ful+HR626ER+hil
1877748,2996226,text,1921,text/html,Prefiled,https://legiscan.com/VA/text/HR627/id/2996226,https://lis.virginia.gov/cgi-bin/legp604.exe?242+ful+HR627+hil
1877748,3007884,text,1772,text/html,Enrolled,https://legiscan.com/VA/text/HR627/id/3007884,https://lis.virginia.gov/cgi-bin/legp604.exe?242+ful+HR627ER+hil
1877870,2996492,text,2851,text/html,Prefiled,https://legiscan.com/VA/text/HR628/id/2996492,https://lis.virginia.gov/cgi-bin/legp604.exe?242+ful+HR628+hil
1877870,3007757,text,2676,text/html,Enrolled,https://legiscan.com/VA/text/HR628/id/3007757,https://lis.virginia.gov/cgi-bin/legp604.exe?242+ful+HR628ER+hil
1877786,2996263,text,4144,text/html,Prefiled,https://legiscan.com/VA/text/HR629/id/2996263,https://lis.virginia.gov/cgi-bin/legp604.exe?242+ful+HR629+hil
1877786,3008161,text,3932,text/html,Enrolled,https://legiscan.com/VA/text/HR629/id/3008161,https://lis.virginia.gov/cgi-bin/legp604.exe?242+ful+HR629ER+hil
1877942,2996544,text,3213,text/html,Prefiled,https://legiscan.com/VA/text/HR630/id/2996544,https://lis.virginia.gov/cgi-bin/legp604.exe?242+ful+HR630+hil
1877942,3007771,text,3122,text/html,Enrolled,https://legiscan.com/VA/text/HR630/id/3007771,https://lis.virginia.gov/cgi-bin/legp604.exe?242+ful+HR630ER+hil
1877798,2996275,text,4297,text/html,Prefiled,https://legiscan.com/VA/text/HR631/id/2996275,https://lis.virginia.gov/cgi-bin/legp604.exe?242+ful+HR631+hil
1877798,3009205,text,4077,text/html,Enrolled,https://legiscan.com/VA/text/HR631/id/3009205,https://lis.virginia.gov/cgi-bin/legp604.exe?242+ful+HR631ER+hil
1877745,2996802,text,3638,text/html,Prefiled,https://legiscan.com/VA/text/HR632/id/2996802,https://lis.virginia.gov/cgi-bin/legp604.exe?242+ful+HR632+hil
1877745,3007896,text,3439,text/html,Enrolled,https://legiscan.com/VA/text/HR632/id/3007896,https://lis.virginia.gov/cgi-bin/legp604.exe?242+ful+HR632ER+hil
1877968,2996562,text,2485,text/html,Prefiled,https://legiscan.com/VA/text/HR633/id/2996562,https://lis.virginia.gov/cgi-bin/legp604.exe?242+ful+HR633+hil
1877968,3007772,text,2396,text/html,Enrolled,https://legiscan.com/VA/text/HR633/id/3007772,https://lis.virginia.gov/cgi-bin/legp604.exe?242+ful+HR633ER+hil
1877751,2996229,text,1717,text/html,Prefiled,https://legiscan.com/VA/text/HR634/id/2996229,https://lis.virginia.gov/cgi-bin/legp604.exe?242+ful+HR634+hil
1877751,3007793,text,1581,text/html,Enrolled,https://legiscan.com/VA/text/HR634/id/3007793,https://lis.virginia.gov/cgi-bin/legp604.exe?242+ful+HR634ER+hil
1877961,2996557,text,3089,text/html,Prefiled,https://legiscan.com/VA/text/HR635/id/2996557,https://lis.virginia.gov/cgi-bin/legp604.exe?242+ful+HR635+hil
1877961,3007780,text,2918,text/html,Enrolled,https://legiscan.com/VA/text/HR635/id/3007780,https://lis.virginia.gov/cgi-bin/legp604.exe?242+ful+HR635ER+hil
1877874,2996495,text,2203,text/html,Prefiled,https://legiscan.com/VA/text/HR636/id/2996495,https://lis.virginia.gov/cgi-bin/legp604.exe?242+ful+HR636+hil
1877874,3007758,text,2035,text/html,Enrolled,https://legiscan.com/VA/text/HR636/id/3007758,https://lis.virginia.gov/cgi-bin/legp604.exe?242+ful+HR636ER+hil
1877957,2996554,text,3944,text/html,Prefiled,https://legiscan.com/VA/text/HR637/id/2996554,https://lis.virginia.gov/cgi-bin/legp604.exe?242+ful+HR637+hil
1877957,3007775,text,3741,text/html,Enrolled,https://legiscan.com/VA/text/HR637/id/3007775,https://lis.virginia.gov/cgi-bin/legp604.exe?242+ful+HR637ER+hil
1877773,2996250,text,3438,text/html,Prefiled,https://legiscan.com/VA/text/HR638/id/2996250,https://lis.virginia.gov/cgi-bin/legp604.exe?242+ful+HR638+hil
1877773,3007865,text,3226,text/html,Enrolled,https://legiscan.com/VA/text/HR638/id/3007865,https://lis.virginia.gov/cgi-bin/legp604.exe?242+ful+HR638ER+hil
1877813,2996291,text,1938,text/html,Prefiled,https://legiscan.com/VA/text/HR639/id/2996291,https://lis.virginia.gov/cgi-bin/legp604.exe?242+ful+HR639+hil
1877813,3009657,text,1782,text/html,Enrolled,https://legiscan.com/VA/text/HR639/id/3009657,https://lis.virginia.gov/cgi-bin/legp604.exe?242+ful+HR639ER+hil
1877790,2996268,text,2305,text/html,Prefiled,https://legiscan.com/VA/text/HR640/id/2996268,https://lis.virginia.gov/cgi-bin/legp604.exe?242+ful+HR640+hil
1877790,3009948,text,2142,text/html,Enrolled,https://legiscan.com/VA/text/HR640/id/3009948,https://lis.virginia.gov/cgi-bin/legp604.exe?242+ful+HR640ER+hil
1877857,2996484,text,2425,text/html,Prefiled,https://legiscan.com/VA/text/HR641/id/2996484,https://lis.virginia.gov/cgi-bin/legp604.exe?242+ful+HR641+hil
1877857,3007754,text,2263,text/html,Enrolled,https://legiscan.com/VA/text/HR641/id/3007754,https://lis.virginia.gov/cgi-bin/legp604.exe?242+ful+HR641ER+hil
1877804,2996281,text,2704,text/html,Prefiled,https://legiscan.com/VA/text/HR642/id/2996281,https://lis.virginia.gov/cgi-bin/legp604.exe?242+ful+HR642+hil
1877804,3007888,text,2531,text/html,Enrolled,https://legiscan.com/VA/text/HR642/id/3007888,https://lis.virginia.gov/cgi-bin/legp604.exe?242+ful+HR642ER+hil
1878040,2996746,text,3108,text/html,Prefiled,https://legiscan.com/VA/text/HR643/id/2996746,https://lis.virginia.gov/cgi-bin/legp604.exe?242+ful+HR643+hil
1878040,3007864,text,2982,text/html,Enrolled,https://legiscan.com/VA/text/HR643/id/3007864,https://lis.virginia.gov/cgi-bin/legp604.exe?242+ful+HR643ER+hil
1877741,2996220,text,3292,text/html,Prefiled,https://legiscan.com/VA/text/HR644/id/2996220,https://lis.virginia.gov/cgi-bin/legp604.exe?242+ful+HR644+hil
1877741,3008850,text,3107,text/html,Enrolled,https://legiscan.com/VA/text/HR644/id/3008850,https://lis.virginia.gov/cgi-bin/legp604.exe?242+ful+HR644ER+hil
1877794,2996271,text,2566,text/html,Prefiled,https://legiscan.com/VA/text/HR645/id/2996271,https://lis.virginia.gov/cgi-bin/legp604.exe?242+ful+HR645+hil
1877794,3008814,text,2400,text/html,Enrolled,https://legiscan.com/VA/text/HR645/id/3008814,https://lis.virginia.gov/cgi-bin/legp604.exe?242+ful+HR645ER+hil
1877876,2996497,text,2798,text/html,Prefiled,https://legiscan.com/VA/text/HR646/id/2996497,https://lis.virginia.gov/cgi-bin/legp604.exe?242+ful+HR646+hil
1877876,3008677,text,2634,text/html,Enrolled,https://legiscan.com/VA/text/HR646/id/3008677,https://lis.virginia.gov/cgi-bin/legp604.exe?242+ful+HR646ER+hil
1877783,2996260,text,3465,text/html,Prefiled,https://legiscan.com/VA/text/HR647/id/2996260,https://lis.virginia.gov/cgi-bin/legp604.exe?242+ful+HR647+hil
1877783,3009470,text,3278,text/html,Enrolled,https://legiscan.com/VA/text/HR647/id/3009470,https://lis.virginia.gov/cgi-bin/legp604.exe?242+ful+HR647ER+hil
1877802,2996279,text,2872,text/html,Prefiled,https://legiscan.com/VA/text/HR648/id/2996279,https://lis.virginia.gov/cgi-bin/legp604.exe?242+ful+HR648+hil
1877802,3008786,text,2704,text/html,Enrolled,https://legiscan.com/VA/text/HR648/id/3008786,https://lis.virginia.gov/cgi-bin/legp604.exe?242+ful+HR648ER+hil
1877819,2996296,text,1628,text/html,Prefiled,https://legiscan.com/VA/text/HR649/id/2996296,https://lis.virginia.gov/cgi-bin/legp604.exe?242+ful+HR649+hil
1877819,3008821,text,1496,text/html,Enrolled,https://legiscan.com/VA/text/HR649/id/3008821,https://lis.virginia.gov/cgi-bin/legp604.exe?242+ful+HR649ER+hil
1877809,2996287,text,6651,text/html,Prefiled,https://legiscan.com/VA/text/HR650/id/2996287,https://lis.virginia.gov/cgi-bin/legp604.exe?242+ful+HR650+hil
1877809,3008851,text,6369,text/html,Enrolled,https://legiscan.com/VA/text/HR650/id/3008851,https://lis.virginia.gov/cgi-bin/legp604.exe?242+ful+HR650ER+hil
1877743,2996222,text,3730,text/html,Prefiled,https://legiscan.com/VA/text/HR651/id/2996222,https://lis.virginia.gov/cgi-bin/legp604.exe?242+ful+HR651+hil
1877743,3008807,text,3536,text/html,Enrolled,https://legiscan.com/VA/text/HR651/id/3008807,https://lis.virginia.gov/cgi-bin/legp604.exe?242+ful+HR651ER+hil
1877859,2996486,text,3871,text/html,Prefiled,https://legiscan.com/VA/text/HR652/id/2996486,https://lis.virginia.gov/cgi-bin/legp604.exe?242+ful+HR652+hil
1877859,3008687,text,3667,text/html,Enrolled,https://legiscan.com/VA/text/HR652/id/3008687,https://lis.virginia.gov/cgi-bin/legp604.exe?242+ful+HR652ER+hil
1877772,2996249,text,3243,text/html,Prefiled,https://legiscan.com/VA/text/HR653/id/2996249,https://lis.virginia.gov/cgi-bin/legp604.exe?242+ful+HR653+hil
1877772,3009659,text,3049,text/html,Enrolled,https://legiscan.com/VA/text/HR653/id/3009659,https://lis.virginia.gov/cgi-bin/legp604.exe?242+ful+HR653ER+hil
1878008,2996593,text,3042,text/html,Prefiled,https://legiscan.com/VA/text/HR654/id/2996593,https://lis.virginia.gov/cgi-bin/legp604.exe?242+ful+HR654+hil
1878008,3008751,text,2859,text/html,Enrolled,https://legiscan.com/VA/text/HR654/id/3008751,https://lis.virginia.gov/cgi-bin/legp604.exe?242+ful+HR654ER+hil
1877811,2996289,text,3181,text/html,Prefiled,https://legiscan.com/VA/text/HR655/id/2996289,https://lis.virginia.gov/cgi-bin/legp604.exe?242+ful+HR655+hil
1877811,3008828,text,2973,text/html,Enrolled,https://legiscan.com/VA/text/HR655/id/3008828,https://lis.virginia.gov/cgi-bin/legp604.exe?242+ful+HR655ER+hil
1878066,2996758,text,2705,text/html,Prefiled,https://legiscan.com/VA/text/HR656/id/2996758,https://lis.virginia.gov/cgi-bin/legp604.exe?242+ful+HR656+hil
1878066,3008804,text,2515,text/html,Enrolled,https://legiscan.com/VA/text/HR656/id/3008804,https://lis.virginia.gov/cgi-bin/legp604.exe?242+ful+HR656ER+hil
1877768,2996245,text,2720,text/html,Prefiled,https://legiscan.com/VA/text/HR657/id/2996245,https://lis.virginia.gov/cgi-bin/legp604.exe?242+ful+HR657+hil
1877768,3008817,text,2534,text/html,Enrolled,https://legiscan.com/VA/text/HR657/id/3008817,https://lis.virginia.gov/cgi-bin/legp604.exe?242+ful+HR657ER+hil
1877805,2996282,text,2502,text/html,Prefiled,https://legiscan.com/VA/text/HR658/id/2996282,https://lis.virginia.gov/cgi-bin/legp604.exe?242+ful+HR658+hil
1877805,3008809,text,2322,text/html,Enrolled,https://legiscan.com/VA/text/HR658/id/3008809,https://lis.virginia.gov/cgi-bin/legp604.exe?242+ful+HR658ER+hil
1877791,2996269,text,2923,text/html,Prefiled,https://legiscan.com/VA/text/HR659/id/2996269,https://lis.virginia.gov/cgi-bin/legp604.exe?242+ful+HR659+hil
1877791,3008793,text,2728,text/html,Enrolled,https://legiscan.com/VA/text/HR659/id/3008793,https://lis.virginia.gov/cgi-bin/legp604.exe?242+ful+HR659ER+hil
1877767,2996244,text,2682,text/html,Prefiled,https://legiscan.com/VA/text/HR660/id/2996244,https://lis.virginia.gov/cgi-bin/legp604.exe?242+ful+HR660+hil
1877767,3011048,text,2502,text/html,Enrolled,https://legiscan.com/VA/text/HR660/id/3011048,https://lis.virginia.gov/cgi-bin/legp604.exe?242+ful+HR660ER+hil
1877864,2996489,text,3025,text/html,Prefiled,https://legiscan.com/VA/text/HR661/id/2996489,https://lis.virginia.gov/cgi-bin/legp604.exe?242+ful+HR661+hil
1877864,3008683,text,2834,text/html,Enrolled,https://legiscan.com/VA/text/HR661/id/3008683,https://lis.virginia.gov/cgi-bin/legp604.exe?242+ful+HR661ER+hil
1877928,3000204,text,2033,text/html,Prefiled,https://legiscan.com/VA/text/HR662/id/3000204,https://lis.virginia.gov/cgi-bin/legp604.exe?242+ful+HR662+hil
1877928,3008696,text,1837,text/html,Enrolled,https://legiscan.com/VA/text/HR662/id/3008696,https://lis.virginia.gov/cgi-bin/legp604.exe?242+ful+HR662ER+hil
1877801,2996278,text,3371,text/html,Prefiled,https://legiscan.com/VA/text/HR663/id/2996278,https://lis.virginia.gov/cgi-bin/legp604.exe?242+ful+HR663+hil
1877801,3012950,text,3172,text/html,Enrolled,https://legiscan.com/VA/text/HR663/id/3012950,https://lis.virginia.gov/cgi-bin/legp604.exe?242+ful+HR663ER+hil
1877994,2996582,text,3115,text/html,Prefiled,https://legiscan.com/VA/text/HR664/id/2996582,https://lis.virginia.gov/cgi-bin/legp604.exe?242+ful+HR664+hil
1877994,3008777,text,2931,text/html,Enrolled,https://legiscan.com/VA/text/HR664/id/3008777,https://lis.virginia.gov/cgi-bin/legp604.exe?242+ful+HR664ER+hil
1877776,2996253,text,2324,text/html,Prefiled,https://legiscan.com/VA/text/HR665/id/2996253,https://lis.virginia.gov/cgi-bin/legp604.exe?242+ful+HR665+hil
1877776,3009472,text,2168,text/html,Enrolled,https://legiscan.com/VA/text/HR665/id/3009472,https://lis.virginia.gov/cgi-bin/legp604.exe?242+ful+HR665ER+hil
1877755,2996233,text,1613,text/html,Prefiled,https://legiscan.com/VA/text/HR666/id/2996233,https://lis.virginia.gov/cgi-bin/legp604.exe?242+ful+HR666+hil
1877755,3009698,text,1491,text/html,Enrolled,https://legiscan.com/VA/text/HR666/id/3009698,https://lis.virginia.gov/cgi-bin/legp604.exe?242+ful+HR666ER+hil
1877937,2996541,text,4017,text/html,Prefiled,https://legiscan.com/VA/text/HR667/id/2996541,https://lis.virginia.gov/cgi-bin/legp604.exe?242+ful+HR667+hil
1877937,3008693,text,3809,text/html,Enrolled,https://legiscan.com/VA/text/HR667/id/3008693,https://lis.virginia.gov/cgi-bin/legp604.exe?242+ful+HR667ER+hil
1877757,2996235,text,3118,text/html,Prefiled,https://legiscan.com/VA/text/HR668/id/2996235,https://lis.virginia.gov/cgi-bin/legp604.exe?242+ful+HR668+hil
1877757,3008788,text,2922,text/html,Enrolled,https://legiscan.com/VA/text/HR668/id/3008788,https://lis.virginia.gov/cgi-bin/legp604.exe?242+ful+HR668ER+hil
1877818,2996295,text,3771,text/html,Prefiled,https://legiscan.com/VA/text/HR669/id/2996295,https://lis.virginia.gov/cgi-bin/legp604.exe?242+ful+HR669+hil
1877818,3008854,text,3556,text/html,Enrolled,https://legiscan.com/VA/text/HR669/id/3008854,https://lis.virginia.gov/cgi-bin/legp604.exe?242+ful+HR669ER+hil
1877752,2996230,text,2791,text/html,Prefiled,https://legiscan.com/VA/text/HR670/id/2996230,https://lis.virginia.gov/cgi-bin/legp604.exe?242+ful+HR670+hil
1877752,3009697,text,2622,text/html,Enrolled,https://legiscan.com/VA/text/HR670/id/3009697,https://lis.virginia.gov/cgi-bin/legp604.exe?242+ful+HR670ER+hil
1877933,2996538,text,2576,text/html,Prefiled,https://legiscan.com/VA/text/HR671/id/2996538,https://lis.virginia.gov/cgi-bin/legp604.exe?242+ful+HR671+hil
1877933,3008701,text,2414,text/html,Enrolled,https://legiscan.com/VA/text/HR671/id/3008701,https://lis.virginia.gov/cgi-bin/legp604.exe?242+ful+HR671ER+hil
1877894,2996510,text,2300,text/html,Prefiled,https://legiscan.com/VA/text/HR672/id/2996510,https://lis.virginia.gov/cgi-bin/legp604.exe?242+ful+HR672+hil
1877894,3008691,text,2144,text/html,Enrolled,https://legiscan.com/VA/text/HR672/id/3008691,https://lis.virginia.gov/cgi-bin/legp604.exe?242+ful+HR672ER+hil
1877792,2996270,text,2946,text/html,Prefiled,https://legiscan.com/VA/text/HR673/id/2996270,https://lis.virginia.gov/cgi-bin/legp604.exe?242+ful+HR673+hil
1877792,3008812,text,2766,text/html,Enrolled,https://legiscan.com/VA/text/HR673/id/3008812,https://lis.virginia.gov/cgi-bin/legp604.exe?242+ful+HR673ER+hil
1877978,2996570,text,2368,text/html,Prefiled,https://legiscan.com/VA/text/HR674/id/2996570,https://lis.virginia.gov/cgi-bin/legp604.exe?242+ful+HR674+hil
1877978,3008765,text,2207,text/html,Enrolled,https://legiscan.com/VA/text/HR674/id/3008765,https://lis.virginia.gov/cgi-bin/legp604.exe?242+ful+HR674ER+hil
1877983,2996574,text,2717,text/html,Prefiled,https://legiscan.com/VA/text/HR675/id/2996574,https://lis.virginia.gov/cgi-bin/legp604.exe?242+ful+HR675+hil
1877983,3008717,text,2548,text/html,Enrolled,https://legiscan.com/VA/text/HR675/id/3008717,https://lis.virginia.gov/cgi-bin/legp604.exe?242+ful+HR675ER+hil
1877764,2996242,text,2430,text/html,Prefiled,https://legiscan.com/VA/text/HR676/id/2996242,https://lis.virginia.gov/cgi-bin/legp604.exe?242+ful+HR676+hil
1877764,3008796,text,2267,text/html,Enrolled,https://legiscan.com/VA/text/HR676/id/3008796,https://lis.virginia.gov/cgi-bin/legp604.exe?242+ful+HR676ER+hil
1877756,2996234,text,2900,text/html,Prefiled,https://legiscan.com/VA/text/HR677/id/2996234,https://lis.virginia.gov/cgi-bin/legp604.exe?242+ful+HR677+hil
1877756,3008853,text,2724,text/html,Enrolled,https://legiscan.com/VA/text/HR677/id/3008853,https://lis.virginia.gov/cgi-bin/legp604.exe?242+ful+HR677ER+hil
1877758,2996236,text,2263,text/html,Prefiled,https://legiscan.com/VA/text/HR678/id/2996236,https://lis.virginia.gov/cgi-bin/legp604.exe?242+ful+HR678+hil
1877843,2996474,text,3188,text/html,Prefiled,https://legiscan.com/VA/text/HR679/id/2996474,https://lis.virginia.gov/cgi-bin/legp604.exe?242+ful+HR679+hil
1877843,3008653,text,3001,text/html,Enrolled,https://legiscan.com/VA/text/HR679/id/3008653,https://lis.virginia.gov/cgi-bin/legp604.exe?242+ful+HR679ER+hil
1877763,2996241,text,3494,text/html,Prefiled,https://legiscan.com/VA/text/HR680/id/2996241,https://lis.virginia.gov/cgi-bin/legp604.exe?242+ful+HR680+hil
1877763,3008800,text,3304,text/html,Enrolled,https://legiscan.com/VA/text/HR680/id/3008800,https://lis.virginia.gov/cgi-bin/legp604.exe?242+ful+HR680ER+hil
1877964,2996559,text,2122,text/html,Introduced,https://legiscan.com/VA/text/HR681/id/2996559,https://lis.virginia.gov/cgi-bin/legp604.exe?242+ful+HR681+hil
1877964,3008715,text,2096,text/html,Enrolled,https://legiscan.com/VA/text/HR681/id/3008715,https://lis.virginia.gov/cgi-bin/legp604.exe?242+ful+HR681ER+hil
1877822,2996299,text,2901,text/html,Introduced,https://legiscan.com/VA/text/HR682/id/2996299,https://lis.virginia.gov/cgi-bin/legp604.exe?242+ful+HR682+hil
1877822,3008824,text,2771,text/html,Enrolled,https://legiscan.com/VA/text/HR682/id/3008824,https://lis.virginia.gov/cgi-bin/legp604.exe?242+ful+HR682ER+hil
1878088,2996768,text,3094,text/html,Introduced,https://legiscan.com/VA/text/HR683/id/2996768,https://lis.virginia.gov/cgi-bin/legp604.exe?242+ful+HR683+hil
1878088,3008787,text,2959,text/html,Enrolled,https://legiscan.com/VA/text/HR683/id/3008787,https://lis.virginia.gov/cgi-bin/legp604.exe?242+ful+HR683ER+hil
1878002,2996588,text,2900,text/html,Introduced,https://legiscan.com/VA/text/HR684/id/2996588,https://lis.virginia.gov/cgi-bin/legp604.exe?242+ful+HR684+hil
1878002,3008731,text,2766,text/html,Enrolled,https://legiscan.com/VA/text/HR684/id/3008731,https://lis.virginia.gov/cgi-bin/legp604.exe?242+ful+HR684ER+hil
1878052,2996751,text,1093,text/html,Introduced,https://legiscan.com/VA/text/HR685/id/2996751,https://lis.virginia.gov/cgi-bin/legp604.exe?242+ful+HR685+hil
1878052,3008790,text,1012,text/html,Enrolled,https://legiscan.com/VA/text/HR685/id/3008790,https://lis.virginia.gov/cgi-bin/legp604.exe?242+ful+HR685ER+hil
1877836,2996469,text,941,text/html,Introduced,https://legiscan.com/VA/text/HR686/id/2996469,https://lis.virginia.gov/cgi-bin/legp604.exe?242+ful+HR686+hil
1877836,3008650,text,865,text/html,Enrolled,https://legiscan.com/VA/text/HR686/id/3008650,https://lis.virginia.gov/cgi-bin/legp604.exe?242+ful+HR686ER+hil
1877834,2996467,text,669,text/html,Introduced,https://legiscan.com/VA/text/HR687/id/2996467,https://lis.virginia.gov/cgi-bin/legp604.exe?242+ful+HR687+hil
1877834,3008621,text,604,text/html,Enrolled,https://legiscan.com/VA/text/HR687/id/3008621,https://lis.virginia.gov/cgi-bin/legp604.exe?242+ful+HR687ER+hil
1878102,2996775,text,2255,text/html,Introduced,https://legiscan.com/VA/text/HR688/id/2996775,https://lis.virginia.gov/cgi-bin/legp604.exe?242+ful+HR688+hil
1878102,3008778,text,2129,text/html,Enrolled,https://legiscan.com/VA/text/HR688/id/3008778,https://lis.virginia.gov/cgi-bin/legp604.exe?242+ful+HR688ER+hil
1877831,2996465,text,2220,text/html,Introduced,https://legiscan.com/VA/text/HR689/id/2996465,https://lis.virginia.gov/cgi-bin/legp604.exe?242+ful+HR689+hil
1877831,3008651,text,2108,text/html,Enrolled,https://legiscan.com/VA/text/HR689/id/3008651,https://lis.virginia.gov/cgi-bin/legp604.exe?242+ful+HR689ER+hil
1878005,2996591,text,1713,text/html,Introduced,https://legiscan.com/VA/text/HR690/id/2996591,https://lis.virginia.gov/cgi-bin/legp604.exe?242+ful+HR690+hil
1878005,3008784,text,1599,text/html,Enrolled,https://legiscan.com/VA/text/HR690/id/3008784,https://lis.virginia.gov/cgi-bin/legp604.exe?242+ful+HR690ER+hil
1882822,3010370,text,5705,text/html,Introduced,https://legiscan.com/VA/text/HR691/id/3010370,https://lis.virginia.gov/cgi-bin/legp604.exe?242+ful+HR691+hil
1882822,3021217,text,5694,text/html,Enrolled,https://legiscan.com/VA/text/HR691/id/3021217,https://lis.virginia.gov/cgi-bin/legp604.exe?242+ful+HR691ER+hil
1882841,3010390,text,2778,text/html,Introduced,https://legiscan.com/VA/text/HR692/id/3010390,https://lis.virginia.gov/cgi-bin/legp604.exe?242+ful+HR692+hil
1882841,3021192,text,2650,text/html,Enrolled,https://legiscan.com/VA/text/HR692/id/3021192,https://lis.virginia.gov/cgi-bin/legp604.exe?242+ful+HR692ER+hil
1882856,3010406,text,2967,text/html,Introduced,https://legiscan.com/VA/text/HR693/id/3010406,https://lis.virginia.gov/cgi-bin/legp604.exe?242+ful+HR693+hil
1882856,3021174,text,2833,text/html,Enrolled,https://legiscan.com/VA/text/HR693/id/3021174,https://lis.virginia.gov/cgi-bin/legp604.exe?242+ful+HR693ER+hil
1882819,3010368,text,2425,text/html,Introduced,https://legiscan.com/VA/text/HR694/id/3010368,https://lis.virginia.gov/cgi-bin/legp604.exe?242+ful+HR694+hil
1882819,3021214,text,2312,text/html,Enrolled,https://legiscan.com/VA/text/HR694/id/3021214,https://lis.virginia.gov/cgi-bin/legp604.exe?242+ful+HR694ER+hil
1882869,3010419,text,2335,text/html,Introduced,https://legiscan.com/VA/text/HR695/id/3010419,https://lis.virginia.gov/cgi-bin/legp604.exe?242+ful+HR695+hil
1882869,3021205,text,2219,text/html,Enrolled,https://legiscan.com/VA/text/HR695/id/3021205,https://lis.virginia.gov/cgi-bin/legp604.exe?242+ful+HR695ER+hil
1882797,3010348,text,2423,text/html,Introduced,https://legiscan.com/VA/text/HR696/id/3010348,https://lis.virginia.gov/cgi-bin/legp604.exe?242+ful+HR696+hil
1882797,3021191,text,2304,text/html,Enrolled,https://legiscan.com/VA/text/HR696/id/3021191,https://lis.virginia.gov/cgi-bin/legp604.exe?242+ful+HR696ER+hil
1882829,3010378,text,2438,text/html,Introduced,https://legiscan.com/VA/text/HR697/id/3010378,https://lis.virginia.gov/cgi-bin/legp604.exe?242+ful+HR697+hil
1882829,3021172,text,2320,text/html,Enrolled,https://legiscan.com/VA/text/HR697/id/3021172,https://lis.virginia.gov/cgi-bin/legp604.exe?242+ful+HR697ER+hil
1883010,3010846,text,2407,text/html,Introduced,https://legiscan.com/VA/text/HR698/id/3010846,https://lis.virginia.gov/cgi-bin/legp604.exe?242+ful+HR698+hil
1883010,3021356,text,2291,text/html,Enrolled,https://legiscan.com/VA/text/HR698/id/3021356,https://lis.virginia.gov/cgi-bin/legp604.exe?242+ful+HR698ER+hil
1883088,3010884,text,3021,text/html,Introduced,https://legiscan.com/VA/text/HR699/id/3010884,https://lis.virginia.gov/cgi-bin/legp604.exe?242+ful+HR699+hil
1883088,3021146,text,2883,text/html,Enrolled,https://legiscan.com/VA/text/HR699/id/3021146,https://lis.virginia.gov/cgi-bin/legp604.exe?242+ful+HR699ER+hil
1883121,3011056,text,1772,text/html,Introduced,https://legiscan.com/VA/text/HR700/id/3011056,https://lis.virginia.gov/cgi-bin/legp604.exe?242+ful+HR700+hil
1883121,3021210,text,1682,text/html,Enrolled,https://legiscan.com/VA/text/HR700/id/3021210,https://lis.virginia.gov/cgi-bin/legp604.exe?242+ful+HR700ER+hil
1883125,3011059,text,2471,text/html,Introduced,https://legiscan.com/VA/text/HR701/id/3011059,https://lis.virginia.gov/cgi-bin/legp604.exe?242+ful+HR701+hil
1883125,3021204,text,2353,text/html,Enrolled,https://legiscan.com/VA/text/HR701/id/3021204,https://lis.virginia.gov/cgi-bin/legp604.exe?242+ful+HR701ER+hil
1883128,3011132,text,2041,text/html,Introduced,https://legiscan.com/VA/text/HR702/id/3011132,https://lis.virginia.gov/cgi-bin/legp604.exe?242+ful+HR702+hil
1883128,3021188,text,1935,text/html,Enrolled,https://legiscan.com/VA/text/HR702/id/3021188,https://lis.virginia.gov/cgi-bin/legp604.exe?242+ful+HR702ER+hil
1883179,3011168,text,3504,text/html,Introduced,https://legiscan.com/VA/text/HR703/id/3011168,https://lis.virginia.gov/cgi-bin/legp604.exe?242+ful+HR703+hil
1883179,3021190,text,3359,text/html,Enrolled,https://legiscan.com/VA/text/HR703/id/3021190,https://lis.virginia.gov/cgi-bin/legp604.exe?242+ful+HR703ER+hil
1883151,3011148,text,3287,text/html,Introduced,https://legiscan.com/VA/text/HR704/id/3011148,https://lis.virginia.gov/cgi-bin/legp604.exe?242+ful+HR704+hil
1883151,3021176,text,3143,text/html,Enrolled,https://legiscan.com/VA/text/HR704/id/3021176,https://lis.virginia.gov/cgi-bin/legp604.exe?242+ful+HR704ER+hil
1883250,3011464,text,2973,text/html,Introduced,https://legiscan.com/VA/text/HR705/id/3011464,https://lis.virginia.gov/cgi-bin/legp604.exe?242+ful+HR705+hil
1883250,3021209,text,2843,text/html,Enrolled,https://legiscan.com/VA/text/HR705/id/3021209,https://lis.virginia.gov/cgi-bin/legp604.exe?242+ful+HR705ER+hil
1883273,3011493,text,2909,text/html,Introduced,https://legiscan.com/VA/text/HR706/id/3011493,https://lis.virginia.gov/cgi-bin/legp604.exe?242+ful+HR706+hil
1883256,3011478,text,3772,text/html,Introduced,https://legiscan.com/VA/text/HR707/id/3011478,https://lis.virginia.gov/cgi-bin/legp604.exe?242+ful+HR707+hil
1883256,3021183,text,3621,text/html,Enrolled,https://legiscan.com/VA/text/HR707/id/3021183,https://lis.virginia.gov/cgi-bin/legp604.exe?242+ful+HR707ER+hil
1883262,3011483,text,3419,text/html,Introduced,https://legiscan.com/VA/text/HR708/id/3011483,https://lis.virginia.gov/cgi-bin/legp604.exe?242+ful+HR708+hil
1883262,3021212,text,3266,text/html,Enrolled,https://legiscan.com/VA/text/HR708/id/3021212,https://lis.virginia.gov/cgi-bin/legp604.exe?242+ful+HR708ER+hil
1883268,3011489,text,2264,text/html,Introduced,https://legiscan.com/VA/text/HR709/id/3011489,https://lis.virginia.gov/cgi-bin/legp604.exe?242+ful+HR709+hil
1883268,3021197,text,2154,text/html,Enrolled,https://legiscan.com/VA/text/HR709/id/3021197,https://lis.virginia.gov/cgi-bin/legp604.exe?242+ful+HR709ER+hil
1883282,3011529,text,2455,text/html,Introduced,https://legiscan.com/VA/text/HR710/id/3011529,https://lis.virginia.gov/cgi-bin/legp604.exe?242+ful+HR710+hil
1883282,3021173,text,2326,text/html,Enrolled,https://legiscan.com/VA/text/HR710/id/3021173,https://lis.virginia.gov/cgi-bin/legp604.exe?242+ful+HR710ER+hil
1883289,3011535,text,3077,text/html,Introduced,https://legiscan.com/VA/text/HR711/id/3011535,https://lis.virginia.gov/cgi-bin/legp604.exe?242+ful+HR711+hil
1883289,3021182,text,2949,text/html,Enrolled,https://legiscan.com/VA/text/HR711/id/3021182,https://lis.virginia.gov/cgi-bin/legp604.exe?242+ful+HR711ER+hil
1883297,3011541,text,2666,text/html,Introduced,https://legiscan.com/VA/text/HR712/id/3011541,https://lis.virginia.gov/cgi-bin/legp604.exe?242+ful+HR712+hil
1883297,3021184,text,2542,text/html,Enrolled,https://legiscan.com/VA/text/HR712/id/3021184,https://lis.virginia.gov/cgi-bin/legp604.exe?242+ful+HR712ER+hil
1883312,3011554,text,3004,text/html,Introduced,https://legiscan.com/VA/text/HR713/id/3011554,https://lis.virginia.gov/cgi-bin/legp604.exe?242+ful+HR713+hil
1883312,3021179,text,2897,text/html,Enrolled,https://legiscan.com/VA/text/HR713/id/3021179,https://lis.virginia.gov/cgi-bin/legp604.exe?242+ful+HR713ER+hil
1883306,3011549,text,3534,text/html,Introduced,https://legiscan.com/VA/text/HR714/id/3011549,https://lis.virginia.gov/cgi-bin/legp604.exe?242+ful+HR714+hil
1883306,3021200,text,3382,text/html,Enrolled,https://legiscan.com/VA/text/HR714/id/3021200,https://lis.virginia.gov/cgi-bin/legp604.exe?242+ful+HR714ER+hil
1883402,3011846,text,2555,text/html,Introduced,https://legiscan.com/VA/text/HR715/id/3011846,https://lis.virginia.gov/cgi-bin/legp604.exe?242+ful+HR715+hil
1883402,3021189,text,2414,text/html,Enrolled,https://legiscan.com/VA/text/HR715/id/3021189,https://lis.virginia.gov/cgi-bin/legp604.exe?242+ful+HR715ER+hil
1883399,3011844,text,2757,text/html,Introduced,https://legiscan.com/VA/text/HR716/id/3011844,https://lis.virginia.gov/cgi-bin/legp604.exe?242+ful+HR716+hil
1883399,3021211,text,2627,text/html,Enrolled,https://legiscan.com/VA/text/HR716/id/3021211,https://lis.virginia.gov/cgi-bin/legp604.exe?242+ful+HR716ER+hil
1883400,3011845,text,1827,text/html,Introduced,https://legiscan.com/VA/text/HR717/id/3011845,https://lis.virginia.gov/cgi-bin/legp604.exe?242+ful+HR717+hil
1883400,3021152,text,1727,text/html,Enrolled,https://legiscan.com/VA/text/HR717/id/3021152,https://lis.virginia.gov/cgi-bin/legp604.exe?242+ful+HR717ER+hil
1883392,3011839,text,2120,text/html,Introduced,https://legiscan.com/VA/text/HR718/id/3011839,https://lis.virginia.gov/cgi-bin/legp604.exe?242+ful+HR718+hil
1883392,3021193,text,2013,text/html,Enrolled,https://legiscan.com/VA/text/HR718/id/3021193,https://lis.virginia.gov/cgi-bin/legp604.exe?242+ful+HR718ER+hil
1883398,3011843,text,2105,text/html,Introduced,https://legiscan.com/VA/text/HR719/id/3011843,https://lis.virginia.gov/cgi-bin/legp604.exe?242+ful+HR719+hil
1883398,3021312,text,1997,text/html,Enrolled,https://legiscan.com/VA/text/HR719/id/3021312,https://lis.virginia.gov/cgi-bin/legp604.exe?242+ful+HR719ER+hil
1883404,3011848,text,3567,text/html,Introduced,https://legiscan.com/VA/text/HR720/id/3011848,https://lis.virginia.gov/cgi-bin/legp604.exe?242+ful+HR720+hil
1883404,3021203,text,3429,text/html,Enrolled,https://legiscan.com/VA/text/HR720/id/3021203,https://lis.virginia.gov/cgi-bin/legp604.exe?242+ful+HR720ER+hil
1883396,3011842,text,3430,text/html,Introduced,https://legiscan.com/VA/text/HR721/id/3011842,https://lis.virginia.gov/cgi-bin/legp604.exe?242+ful+HR721+hil
1883396,3021180,text,3280,text/html,Enrolled,https://legiscan.com/VA/text/HR721/id/3021180,https://lis.virginia.gov/cgi-bin/legp604.exe?242+ful+HR721ER+hil
1883393,3011840,text,3113,text/html,Introduced,https://legiscan.com/VA/text/HR722/id/3011840,https://lis.virginia.gov/cgi-bin/legp604.exe?242+ful+HR722+hil
1883393,3021329,text,3021,text/html,Enrolled,https://legiscan.com/VA/text/HR722/id/3021329,https://lis.virginia.gov/cgi-bin/legp604.exe?242+ful+HR722ER+hil
1883403,3011847,text,2457,text/html,Introduced,https://legiscan.com/VA/text/HR723/id/3011847,https://lis.virginia.gov/cgi-bin/legp604.exe?242+ful+HR723+hil
1883403,3021208,text,2337,text/html,Enrolled,https://legiscan.com/VA/text/HR723/id/3021208,https://lis.virginia.gov/cgi-bin/legp604.exe?242+ful+HR723ER+hil
1883395,3011841,text,2478,text/html,Introduced,https://legiscan.com/VA/text/HR724/id/3011841,https://lis.virginia.gov/cgi-bin/legp604.exe?242+ful+HR724+hil
1883395,3021335,text,2362,text/html,Enrolled,https://legiscan.com/VA/text/HR724/id/3021335,https://lis.virginia.gov/cgi-bin/legp604.exe?242+ful+HR724ER+hil
1883435,3011912,text,5220,text/html,Introduced,https://legiscan.com/VA/text/HR725/id/3011912,https://lis.virginia.gov/cgi-bin/legp604.exe?242+ful+HR725+hil
1883435,3021187,text,4982,text/html,Enrolled,https://legiscan.com/VA/text/HR725/id/3021187,https://lis.virginia.gov/cgi-bin/legp604.exe?242+ful+HR725ER+hil
1883424,3011907,text,3080,text/html,Introduced,https://legiscan.com/VA/text/HR726/id/3011907,https://lis.virginia.gov/cgi-bin/legp604.exe?242+ful+HR726+hil
1883424,3021181,text,2942,text/html,Enrolled,https://legiscan.com/VA/text/HR726/id/3021181,https://lis.virginia.gov/cgi-bin/legp604.exe?242+ful+HR726ER+hil
1883597,3012415,text,3467,text/html,Introduced,https://legiscan.com/VA/text/HR727/id/3012415,https://lis.virginia.gov/cgi-bin/legp604.exe?242+ful+HR727+hil
1883597,3021195,text,3315,text/html,Enrolled,https://legiscan.com/VA/text/HR727/id/3021195,https://lis.virginia.gov/cgi-bin/legp604.exe?242+ful+HR727ER+hil
1883593,3012411,text,2929,text/html,Introduced,https://legiscan.com/VA/text/HR728/id/3012411,https://lis.virginia.gov/cgi-bin/legp604.exe?242+ful+HR728+hil
1883593,3021323,text,2793,text/html,Enrolled,https://legiscan.com/VA/text/HR728/id/3021323,https://lis.virginia.gov/cgi-bin/legp604.exe?242+ful+HR728ER+hil
1883591,3012409,text,3209,text/html,Introduced,https://legiscan.com/VA/text/HR729/id/3012409,https://lis.virginia.gov/cgi-bin/legp604.exe?242+ful+HR729+hil
1883591,3021353,text,3062,text/html,Enrolled,https://legiscan.com/VA/text/HR729/id/3021353,https://lis.virginia.gov/cgi-bin/legp604.exe?242+ful+HR729ER+hil
1883605,3012423,text,2338,text/html,Introduced,https://legiscan.com/VA/text/HR730/id/3012423,https://lis.virginia.gov/cgi-bin/legp604.exe?242+ful+HR730+hil
1883605,3021147,text,2219,text/html,Enrolled,https://legiscan.com/VA/text/HR730/id/3021147,https://lis.virginia.gov/cgi-bin/legp604.exe?242+ful+HR730ER+hil
1883595,3012413,text,2150,text/html,Introduced,https://legiscan.com/VA/text/HR731/id/3012413,https://lis.virginia.gov/cgi-bin/legp604.exe?242+ful+HR731+hil
1883595,3021321,text,2036,text/html,Enrolled,https://legiscan.com/VA/text/HR731/id/3021321,https://lis.virginia.gov/cgi-bin/legp604.exe?242+ful+HR731ER+hil
1883602,3012420,text,2996,text/html,Introduced,https://legiscan.com/VA/text/HR732/id/3012420,https://lis.virginia.gov/cgi-bin/legp604.exe?242+ful+HR732+hil
1883602,3021327,text,3714,text/html,Enrolled,https://legiscan.com/VA/text/HR732/id/3021327,https://lis.virginia.gov/cgi-bin/legp604.exe?242+ful+HR732ER+hil
1883603,3012421,text,2920,text/html,Introduced,https://legiscan.com/VA/text/HR733/id/3012421,https://lis.virginia.gov/cgi-bin/legp604.exe?242+ful+HR733+hil
1883603,3021149,text,2780,text/html,Enrolled,https://legiscan.com/VA/text/HR733/id/3021149,https://lis.virginia.gov/cgi-bin/legp604.exe?242+ful+HR733ER+hil
1883606,3012424,text,2803,text/html,Introduced,https://legiscan.com/VA/text/HR734/id/3012424,https://lis.virginia.gov/cgi-bin/legp604.exe?242+ful+HR734+hil
1883606,3021151,text,2677,text/html,Enrolled,https://legiscan.com/VA/text/HR734/id/3021151,https://lis.virginia.gov/cgi-bin/legp604.exe?242+ful+HR734ER+hil
1883592,3012410,text,2671,text/html,Introduced,https://legiscan.com/VA/text/HR735/id/3012410,https://lis.virginia.gov/cgi-bin/legp604.exe?242+ful+HR735+hil
1883592,3021354,text,2546,text/html,Enrolled,https://legiscan.com/VA/text/HR735/id/3021354,https://lis.virginia.gov/cgi-bin/legp604.exe?242+ful+HR735ER+hil
1883631,3012502,text,1735,text/html,Introduced,https://legiscan.com/VA/text/HR736/id/3012502,https://lis.virginia.gov/cgi-bin/legp604.exe?242+ful+HR736+hil
1883631,3021171,text,1642,text/html,Enrolled,https://legiscan.com/VA/text/HR736/id/3021171,https://lis.virginia.gov/cgi-bin/legp604.exe?242+ful+HR736ER+hil
1883604,3012422,text,3025,text/html,Introduced,https://legiscan.com/VA/text/HR737/id/3012422,https://lis.virginia.gov/cgi-bin/legp604.exe?242+ful+HR737+hil
1883604,3021170,text,2890,text/html,Enrolled,https://legiscan.com/VA/text/HR737/id/3021170,https://lis.virginia.gov/cgi-bin/legp604.exe?242+ful+HR737ER+hil
1883588,3012406,text,3309,text/html,Introduced,https://legiscan.com/VA/text/HR738/id/3012406,https://lis.virginia.gov/cgi-bin/legp604.exe?242+ful+HR738+hil
1883588,3021338,text,3177,text/html,Enrolled,https://legiscan.com/VA/text/HR738/id/3021338,https://lis.virginia.gov/cgi-bin/legp604.exe?242+ful+HR738ER+hil
1883599,3012417,text,3408,text/html,Introduced,https://legiscan.com/VA/text/HR739/id/3012417,https://lis.virginia.gov/cgi-bin/legp604.exe?242+ful+HR739+hil
1883599,3021331,text,3254,text/html,Enrolled,https://legiscan.com/VA/text/HR739/id/3021331,https://lis.virginia.gov/cgi-bin/legp604.exe?242+ful+HR739ER+hil
1883589,3012407,text,2243,text/html,Introduced,https://legiscan.com/VA/text/HR740/id/3012407,https://lis.virginia.gov/cgi-bin/legp604.exe?242+ful+HR740+hil
1883589,3021333,text,2135,text/html,Enrolled,https://legiscan.com/VA/text/HR740/id/3021333,https://lis.virginia.gov/cgi-bin/legp604.exe?242+ful+HR740ER+hil
1883590,3012408,text,1995,text/html,Introduced,https://legiscan.com/VA/text/HR741/id/3012408,https://lis.virginia.gov/cgi-bin/legp604.exe?242+ful+HR741+hil
1883590,3021144,text,1876,text/html,Enrolled,https://legiscan.com/VA/text/HR741/id/3021144,https://lis.virginia.gov/cgi-bin/legp604.exe?242+ful+HR741ER+hil
1883598,3012416,text,3202,text/html,Introduced,https://legiscan.com/VA/text/HR742/id/3012416,https://lis.virginia.gov/cgi-bin/legp604.exe?242+ful+HR742+hil
1883598,3021358,text,3043,text/html,Enrolled,https://legiscan.com/VA/text/HR742/id/3021358,https://lis.virginia.gov/cgi-bin/legp604.exe?242+ful+HR742ER+hil
1883601,3012419,text,3369,text/html,Introduced,https://legiscan.com/VA/text/HR743/id/3012419,https://lis.virginia.gov/cgi-bin/legp604.exe?242+ful+HR743+hil
1883601,3021175,text,3216,text/html,Enrolled,https://legiscan.com/VA/text/HR743/id/3021175,https://lis.virginia.gov/cgi-bin/legp604.exe?242+ful+HR743ER+hil
1883600,3012418,text,3113,text/html,Introduced,https://legiscan.com/VA/text/HR744/id/3012418,https://lis.virginia.gov/cgi-bin/legp604.exe?242+ful+HR744+hil
1883600,3021186,text,2971,text/html,Enrolled,https://legiscan.com/VA/text/HR744/id/3021186,https://lis.virginia.gov/cgi-bin/legp604.exe?242+ful+HR744ER+hil
1883594,3012412,text,2236,text/html,Introduced,https://legiscan.com/VA/text/HR745/id/3012412,https://lis.virginia.gov/cgi-bin/legp604.exe?242+ful+HR745+hil
1883594,3021346,text,2123,text/html,Enrolled,https://legiscan.com/VA/text/HR745/id/3021346,https://lis.virginia.gov/cgi-bin/legp604.exe?242+ful+HR745ER+hil
1883596,3012414,text,2046,text/html,Introduced,https://legiscan.com/VA/text/HR746/id/3012414,https://lis.virginia.gov/cgi-bin/legp604.exe?242+ful+HR746+hil
1883596,3021285,text,1940,text/html,Enrolled,https://legiscan.com/VA/text/HR746/id/3021285,https://lis.virginia.gov/cgi-bin/legp604.exe?242+ful+HR746ER+hil
1883612,3012485,text,1791,text/html,Introduced,https://legiscan.com/VA/text/HR747/id/3012485,https://lis.virginia.gov/cgi-bin/legp604.exe?242+ful+HR747+hil
1883612,3021281,text,1688,text/html,Enrolled,https://legiscan.com/VA/text/HR747/id/3021281,https://lis.virginia.gov/cgi-bin/legp604.exe?242+ful+HR747ER+hil
1883638,3012509,text,1399,text/html,Introduced,https://legiscan.com/VA/text/HR748/id/3012509,https://lis.virginia.gov/cgi-bin/legp604.exe?242+ful+HR748+hil
1883638,3021198,text,1308,text/html,Enrolled,https://legiscan.com/VA/text/HR748/id/3021198,https://lis.virginia.gov/cgi-bin/legp604.exe?242+ful+HR748ER+hil
1883614,3012487,text,3073,text/html,Introduced,https://legiscan.com/VA/text/HR749/id/3012487,https://lis.virginia.gov/cgi-bin/legp604.exe?242+ful+HR749+hil
1883614,3021322,text,3025,text/html,Enrolled,https://legiscan.com/VA/text/HR749/id/3021322,https://lis.virginia.gov/cgi-bin/legp604.exe?242+ful+HR749ER+hil
1883629,3012500,text,4110,text/html,Introduced,https://legiscan.com/VA/text/HR750/id/3012500,https://lis.virginia.gov/cgi-bin/legp604.exe?242+ful+HR750+hil
1883629,3021345,text,3944,text/html,Enrolled,https://legiscan.com/VA/text/HR750/id/3021345,https://lis.virginia.gov/cgi-bin/legp604.exe?242+ful+HR750ER+hil
1883623,3012495,text,2601,text/html,Introduced,https://legiscan.com/VA/text/HR751/id/3012495,https://lis.virginia.gov/cgi-bin/legp604.exe?242+ful+HR751+hil
1883623,3021336,text,2490,text/html,Enrolled,https://legiscan.com/VA/text/HR751/id/3021336,https://lis.virginia.gov/cgi-bin/legp604.exe?242+ful+HR751ER+hil
1883637,3012508,text,2584,text/html,Introduced,https://legiscan.com/VA/text/HR752/id/3012508,https://lis.virginia.gov/cgi-bin/legp604.exe?242+ful+HR752+hil
1883637,3021350,text,2470,text/html,Enrolled,https://legiscan.com/VA/text/HR752/id/3021350,https://lis.virginia.gov/cgi-bin/legp604.exe?242+ful+HR752ER+hil
1883635,3012506,text,3289,text/html,Introduced,https://legiscan.com/VA/text/HR753/id/3012506,https://lis.virginia.gov/cgi-bin/legp604.exe?242+ful+HR753+hil
1883635,3021352,text,3149,text/html,Enrolled,https://legiscan.com/VA/text/HR753/id/3021352,https://lis.virginia.gov/cgi-bin/legp604.exe?242+ful+HR753ER+hil
1883619,3012491,text,2800,text/html,Introduced,https://legiscan.com/VA/text/HR754/id/3012491,https://lis.virginia.gov/cgi-bin/legp604.exe?242+ful+HR754+hil
1883619,3021332,text,2671,text/html,Enrolled,https://legiscan.com/VA/text/HR754/id/3021332,https://lis.virginia.gov/cgi-bin/legp604.exe?242+ful+HR754ER+hil
1883616,3012489,text,2727,text/html,Introduced,https://legiscan.com/VA/text/HR755/id/3012489,https://lis.virginia.gov/cgi-bin/legp604.exe?242+ful+HR755+hil
1883616,3021279,text,2606,text/html,Enrolled,https://legiscan.com/VA/text/HR755/id/3021279,https://lis.virginia.gov/cgi-bin/legp604.exe?242+ful+HR755ER+hil
1883624,3012496,text,2614,text/html,Introduced,https://legiscan.com/VA/text/HR756/id/3012496,https://lis.virginia.gov/cgi-bin/legp604.exe?242+ful+HR756+hil
1883624,3021326,text,2490,text/html,Enrolled,https://legiscan.com/VA/text/HR756/id/3021326,https://lis.virginia.gov/cgi-bin/legp604.exe?242+ful+HR756ER+hil
1883626,3012498,text,2326,text/html,Introduced,https://legiscan.com/VA/text/HR757/id/3012498,https://lis.virginia.gov/cgi-bin/legp604.exe?242+ful+HR757+hil
1883626,3021150,text,2186,text/html,Enrolled,https://legiscan.com/VA/text/HR757/id/3021150,https://lis.virginia.gov/cgi-bin/legp604.exe?242+ful+HR757ER+hil
1883610,3012483,text,2676,text/html,Introduced,https://legiscan.com/VA/text/HR758/id/3012483,https://lis.virginia.gov/cgi-bin/legp604.exe?242+ful+HR758+hil
1883610,3021340,text,2538,text/html,Enrolled,https://legiscan.com/VA/text/HR758/id/3021340,https://lis.virginia.gov/cgi-bin/legp604.exe?242+ful+HR758ER+hil
1883620,3012492,text,3309,text/html,Introduced,https://legiscan.com/VA/text/HR759/id/3012492,https://lis.virginia.gov/cgi-bin/legp604.exe?242+ful+HR759+hil
1883620,3021178,text,3164,text/html,Enrolled,https://legiscan.com/VA/text/HR759/id/3021178,https://lis.virginia.gov/cgi-bin/legp604.exe?242+ful+HR759ER+hil
1883633,3012504,text,3713,text/html,Introduced,https://legiscan.com/VA/text/HR760/id/3012504,https://lis.virginia.gov/cgi-bin/legp604.exe?242+ful+HR760+hil
1883633,3021334,text,3562,text/html,Enrolled,https://legiscan.com/VA/text/HR760/id/3021334,https://lis.virginia.gov/cgi-bin/legp604.exe?242+ful+HR760ER+hil
1883645,3012667,text,3047,text/html,Introduced,https://legiscan.com/VA/text/HR761/id/3012667,https://lis.virginia.gov/cgi-bin/legp604.exe?242+ful+HR761+hil
1883645,3021159,text,2887,text/html,Enrolled,https://legiscan.com/VA/text/HR761/id/3021159,https://lis.virginia.gov/cgi-bin/legp604.exe?242+ful+HR761ER+hil
1883649,3012671,text,2047,text/html,Introduced,https://legiscan.com/VA/text/HR762/id/3012671,https://lis.virginia.gov/cgi-bin/legp604.exe?242+ful+HR762+hil
1883649,3021325,text,1943,text/html,Enrolled,https://legiscan.com/VA/text/HR762/id/3021325,https://lis.virginia.gov/cgi-bin/legp604.exe?242+ful+HR762ER+hil
1883648,3012670,text,2119,text/html,Introduced,https://legiscan.com/VA/text/HR763/id/3012670,https://lis.virginia.gov/cgi-bin/legp604.exe?242+ful+HR763+hil
1883648,3021347,text,2011,text/html,Enrolled,https://legiscan.com/VA/text/HR763/id/3021347,https://lis.virginia.gov/cgi-bin/legp604.exe?242+ful+HR763ER+hil
1883647,3012669,text,5009,text/html,Introduced,https://legiscan.com/VA/text/HR764/id/3012669,https://lis.virginia.gov/cgi-bin/legp604.exe?242+ful+HR764+hil
1883647,3021348,text,4812,text/html,Enrolled,https://legiscan.com/VA/text/HR764/id/3021348,https://lis.virginia.gov/cgi-bin/legp604.exe?242+ful+HR764ER+hil
1883646,3012668,text,2734,text/html,Introduced,https://legiscan.com/VA/text/HR765/id/3012668,https://lis.virginia.gov/cgi-bin/legp604.exe?242+ful+HR765+hil
1883646,3021344,text,2610,text/html,Enrolled,https://legiscan.com/VA/text/HR765/id/3021344,https://lis.virginia.gov/cgi-bin/legp604.exe?242+ful+HR765ER+hil
1883693,3012832,text,3141,text/html,Introduced,https://legiscan.com/VA/text/HR766/id/3012832,https://lis.virginia.gov/cgi-bin/legp604.exe?242+ful+HR766+hil
1883693,3021266,text,3093,text/html,Enrolled,https://legiscan.com/VA/text/HR766/id/3021266,https://lis.virginia.gov/cgi-bin/legp604.exe?242+ful+HR766ER+hil
1883705,3012844,text,2669,text/html,Introduced,https://legiscan.com/VA/text/HR767/id/3012844,https://lis.virginia.gov/cgi-bin/legp604.exe?242+ful+HR767+hil
1883705,3021315,text,2525,text/html,Enrolled,https://legiscan.com/VA/text/HR767/id/3021315,https://lis.virginia.gov/cgi-bin/legp604.exe?242+ful+HR767ER+hil
1883702,3012841,text,2584,text/html,Introduced,https://legiscan.com/VA/text/HR768/id/3012841,https://lis.virginia.gov/cgi-bin/legp604.exe?242+ful+HR768+hil
1883702,3021274,text,2349,text/html,Enrolled,https://legiscan.com/VA/text/HR768/id/3021274,https://lis.virginia.gov/cgi-bin/legp604.exe?242+ful+HR768ER+hil
1883706,3012845,text,3537,text/html,Introduced,https://legiscan.com/VA/text/HR769/id/3012845,https://lis.virginia.gov/cgi-bin/legp604.exe?242+ful+HR769+hil
1883706,3021316,text,3148,text/html,Enrolled,https://legiscan.com/VA/text/HR769/id/3021316,https://lis.virginia.gov/cgi-bin/legp604.exe?242+ful+HR769ER+hil
1883704,3012843,text,1472,text/html,Introduced,https://legiscan.com/VA/text/HR770/id/3012843,https://lis.virginia.gov/cgi-bin/legp604.exe?242+ful+HR770+hil
1883704,3021319,text,1426,text/html,Enrolled,https://legiscan.com/VA/text/HR770/id/3021319,https://lis.virginia.gov/cgi-bin/legp604.exe?242+ful+HR770ER+hil
1883698,3012837,text,1840,text/html,Introduced,https://legiscan.com/VA/text/HR771/id/3012837,https://lis.virginia.gov/cgi-bin/legp604.exe?242+ful+HR771+hil
1883698,3021284,text,1746,text/html,Enrolled,https://legiscan.com/VA/text/HR771/id/3021284,https://lis.virginia.gov/cgi-bin/legp604.exe?242+ful+HR771ER+hil
1883700,3012839,text,1737,text/html,Introduced,https://legiscan.com/VA/text/HR772/id/3012839,https://lis.virginia.gov/cgi-bin/legp604.exe?242+ful+HR772+hil
1883700,3021341,text,1453,text/html,Enrolled,https://legiscan.com/VA/text/HR772/id/3021341,https://lis.virginia.gov/cgi-bin/legp604.exe?242+ful+HR772ER+hil
1883690,3012829,text,2862,text/html,Introduced,https://legiscan.com/VA/text/HR773/id/3012829,https://lis.virginia.gov/cgi-bin/legp604.exe?242+ful+HR773+hil
1883690,3021272,text,2570,text/html,Enrolled,https://legiscan.com/VA/text/HR773/id/3021272,https://lis.virginia.gov/cgi-bin/legp604.exe?242+ful+HR773ER+hil
1883684,3012823,text,4213,text/html,Introduced,https://legiscan.com/VA/text/HR774/id/3012823,https://lis.virginia.gov/cgi-bin/legp604.exe?242+ful+HR774+hil
1883684,3021276,text,4042,text/html,Enrolled,https://legiscan.com/VA/text/HR774/id/3021276,https://lis.virginia.gov/cgi-bin/legp604.exe?242+ful+HR774ER+hil
1883701,3012840,text,2936,text/html,Introduced,https://legiscan.com/VA/text/HR775/id/3012840,https://lis.virginia.gov/cgi-bin/legp604.exe?242+ful+HR775+hil
1883701,3021286,text,2869,text/html,Enrolled,https://legiscan.com/VA/text/HR775/id/3021286,https://lis.virginia.gov/cgi-bin/legp604.exe?242+ful+HR775ER+hil
1883697,3012836,text,2004,text/html,Introduced,https://legiscan.com/VA/text/HR776/id/3012836,https://lis.virginia.gov/cgi-bin/legp604.exe?242+ful+HR776+hil
1883697,3021317,text,1897,text/html,Enrolled,https://legiscan.com/VA/text/HR776/id/3021317,https://lis.virginia.gov/cgi-bin/legp604.exe?242+ful+HR776ER+hil
1883685,3012824,text,3559,text/html,Introduced,https://legiscan.com/VA/text/HR777/id/3012824,https://lis.virginia.gov/cgi-bin/legp604.exe?242+ful+HR777+hil
1883685,3021278,text,3347,text/html,Enrolled,https://legiscan.com/VA/text/HR777/id/3021278,https://lis.virginia.gov/cgi-bin/legp604.exe?242+ful+HR777ER+hil
1883708,3012847,text,3074,text/html,Introduced,https://legiscan.com/VA/text/HR778/id/3012847,https://lis.virginia.gov/cgi-bin/legp604.exe?242+ful+HR778+hil
1883708,3021320,text,2885,text/html,Enrolled,https://legiscan.com/VA/text/HR778/id/3021320,https://lis.virginia.gov/cgi-bin/legp604.exe?242+ful+HR778ER+hil
1883688,3012827,text,2503,text/html,Introduced,https://legiscan.com/VA/text/HR779/id/3012827,https://lis.virginia.gov/cgi-bin/legp604.exe?242+ful+HR779+hil
1883688,3021282,text,2337,text/html,Enrolled,https://legiscan.com/VA/text/HR779/id/3021282,https://lis.virginia.gov/cgi-bin/legp604.exe?242+ful+HR779ER+hil
1883694,3012833,text,2653,text/html,Introduced,https://legiscan.com/VA/text/HR780/id/3012833,https://lis.virginia.gov/cgi-bin/legp604.exe?242+ful+HR780+hil
1883694,3021269,text,2527,text/html,Enrolled,https://legiscan.com/VA/text/HR780/id/3021269,https://lis.virginia.gov/cgi-bin/legp604.exe?242+ful+HR780ER+hil
1883683,3012822,text,2746,text/html,Introduced,https://legiscan.com/VA/text/HR781/id/3012822,https://lis.virginia.gov/cgi-bin/legp604.exe?242+ful+HR781+hil
1883683,3021280,text,2608,text/html,Enrolled,https://legiscan.com/VA/text/HR781/id/3021280,https://lis.virginia.gov/cgi-bin/legp604.exe?242+ful+HR781ER+hil
1883703,3012842,text,2479,text/html,Introduced,https://legiscan.com/VA/text/HR782/id/3012842,https://lis.virginia.gov/cgi-bin/legp604.exe?242+ful+HR782+hil
1883703,3021318,text,2358,text/html,Enrolled,https://legiscan.com/VA/text/HR782/id/3021318,https://lis.virginia.gov/cgi-bin/legp604.exe?242+ful+HR782ER+hil
1883692,3012831,text,2987,text/html,Introduced,https://legiscan.com/VA/text/HR783/id/3012831,https://lis.virginia.gov/cgi-bin/legp604.exe?242+ful+HR783+hil
1883692,3021289,text,2857,text/html,Enrolled,https://legiscan.com/VA/text/HR783/id/3021289,https://lis.virginia.gov/cgi-bin/legp604.exe?242+ful+HR783ER+hil
1883686,3012825,text,2025,text/html,Introduced,https://legiscan.com/VA/text/HR784/id/3012825,https://lis.virginia.gov/cgi-bin/legp604.exe?242+ful+HR784+hil
1883686,3021532,text,1908,text/html,Enrolled,https://legiscan.com/VA/text/HR784/id/3021532,https://lis.virginia.gov/cgi-bin/legp604.exe?242+ful+HR784ER+hil
1883699,3012838,text,1635,text/html,Introduced,https://legiscan.com/VA/text/HR785/id/3012838,https://lis.virginia.gov/cgi-bin/legp604.exe?242+ful+HR785+hil
1883699,3021546,text,1542,text/html,Enrolled,https://legiscan.com/VA/text/HR785/id/3021546,https://lis.virginia.gov/cgi-bin/legp604.exe?242+ful+HR785ER+hil
1883691,3012830,text,2748,text/html,Introduced,https://legiscan.com/VA/text/HR786/id/3012830,https://lis.virginia.gov/cgi-bin/legp604.exe?242+ful+HR786+hil
1883691,3021531,text,2631,text/html,Enrolled,https://legiscan.com/VA/text/HR786/id/3021531,https://lis.virginia.gov/cgi-bin/legp604.exe?242+ful+HR786ER+hil
1883707,3012846,text,2692,text/html,Introduced,https://legiscan.com/VA/text/HR787/id/3012846,https://lis.virginia.gov/cgi-bin/legp604.exe?242+ful+HR787+hil
1883707,3021528,text,2562,text/html,Enrolled,https://legiscan.com/VA/text/HR787/id/3021528,https://lis.virginia.gov/cgi-bin/legp604.exe?242+ful+HR787ER+hil
1883689,3012828,text,2212,text/html,Introduced,https://legiscan.com/VA/text/HR788/id/3012828,https://lis.virginia.gov/cgi-bin/legp604.exe?242+ful+HR788+hil
1883689,3021533,text,2098,text/html,Enrolled,https://legiscan.com/VA/text/HR788/id/3021533,https://lis.virginia.gov/cgi-bin/legp604.exe?242+ful+HR788ER+hil
1877924,2996532,text,3344,text/html,Prefiled,https://legiscan.com/VA/text/HJR6001/id/2996532,https://lis.virginia.gov/cgi-bin/legp604.exe?242+ful+HJ6001+hil
1877924,3009206,text,3215,text/html,Enrolled,https://legiscan.com/VA/text/HJR6001/id/3009206,https://lis.virginia.gov/cgi-bin/legp604.exe?242+ful+HJ6001ER+hil
1877848,2996477,text,2166,text/html,Introduced,https://legiscan.com/VA/text/HJR6002/id/2996477,https://lis.virginia.gov/cgi-bin/legp604.exe?242+ful+HJ6002+hil
1877848,3008160,text,2095,text/html,Enrolled,https://legiscan.com/VA/text/HJR6002/id/3008160,https://lis.virginia.gov/cgi-bin/legp604.exe?242+ful+HJ6002ER+hil
1882803,3010353,text,23901,text/html,Introduced,https://legiscan.com/VA/text/SB6003/id/3010353,https://lis.virginia.gov/cgi-bin/legp604.exe?242+ful+SB6003+hil
1882837,3010387,text,123331,text/html,Introduced,https://legiscan.com/VA/text/SB6004/id/3010387,https://lis.virginia.gov/cgi-bin/legp604.exe?242+ful+SB6004+hil
1882813,3010364,text,117666,text/html,Introduced,https://legiscan.com/VA/text/SB6005/id/3010364,https://lis.virginia.gov/cgi-bin/legp604.exe?242+ful+SB6005+hil
1882863,3010414,text,23867,text/html,Introduced,https://legiscan.com/VA/text/SB6006/id/3010414,https://lis.virginia.gov/cgi-bin/legp604.exe?242+ful+SB6006+hil
1882810,3010360,text,120867,text/html,Introduced,https://legiscan.com/VA/text/SB6007/id/3010360,https://lis.virginia.gov/cgi-bin/legp604.exe?242+ful+SB6007+hil
1882847,3010396,text,218439,text/html,Introduced,https://legiscan.com/VA/text/SB6008/id/3010396,https://lis.virginia.gov/cgi-bin/legp604.exe?242+ful+SB6008+hil
1883644,3012666,text,3449,text/html,Introduced,https://legiscan.com/VA/text/SB6009/id/3012666,https://lis.virginia.gov/cgi-bin/legp604.exe?242+ful+SB6009+hil
1883834,3012901,text,20961,text/html,Introduced,https://legiscan.com/VA/text/SB6010/id/3012901,https://lis.virginia.gov/cgi-bin/legp604.exe?242+ful+SB6010+hil
1883905,3013105,text,23625,text/html,Introduced,https://legiscan.com/VA/text/SB6011/id/3013105,https://lis.virginia.gov/cgi-bin/legp604.exe?242+ful+SB6011+hil
1883985,3013401,text,43312,text/html,Introduced,https://legiscan.com/VA/text/SB6012/id/3013401,https://lis.virginia.gov/cgi-bin/legp604.exe?242+ful+SB6012+hil
1883985,3014731,text,41890,text/html,Enrolled,https://legiscan.com/VA/text/SB6012/id/3014731,https://lis.virginia.gov/cgi-bin/legp604.exe?242+ful+SB6012ER+hil
1883985,3014840,text,41878,text/html,Chaptered,https://legiscan.com/VA/text/SB6012/id/3014840,https://lis.virginia.gov/cgi-bin/legp604.exe?242+ful+CHAP0003+hil
1877973,2996566,text,1708,text/html,Prefiled,https://legiscan.com/VA/text/SR601/id/2996566,https://lis.virginia.gov/cgi-bin/legp604.exe?242+ful+SR601+hil
1877973,3000243,text,1491,text/html,Enrolled,https://legiscan.com/VA/text/SR601/id/3000243,https://lis.virginia.gov/cgi-bin/legp604.exe?242+ful+SR601ER+hil
1877897,2996512,text,2838,text/html,Prefiled,https://legiscan.com/VA/text/SR602/id/2996512,https://lis.virginia.gov/cgi-bin/legp604.exe?242+ful+SR602+hil
1877897,3000195,text,2654,text/html,Enrolled,https://legiscan.com/VA/text/SR602/id/3000195,https://lis.virginia.gov/cgi-bin/legp604.exe?242+ful+SR602ER+hil
1877998,2996585,text,2758,text/html,Prefiled,https://legiscan.com/VA/text/SR603/id/2996585,https://lis.virginia.gov/cgi-bin/legp604.exe?242+ful+SR603+hil
1877998,3000213,text,2565,text/html,Enrolled,https://legiscan.com/VA/text/SR603/id/3000213,https://lis.virginia.gov/cgi-bin/legp604.exe?242+ful+SR603ER+hil
1877850,2996479,text,2289,text/html,Prefiled,https://legiscan.com/VA/text/SR604/id/2996479,https://lis.virginia.gov/cgi-bin/legp604.exe?242+ful+SR604+hil
1877850,3000194,text,2116,text/html,Enrolled,https://legiscan.com/VA/text/SR604/id/3000194,https://lis.virginia.gov/cgi-bin/legp604.exe?242+ful+SR604ER+hil
1878014,2996733,text,1188,text/html,Introduced,https://legiscan.com/VA/text/SR605/id/2996733,https://lis.virginia.gov/cgi-bin/legp604.exe?242+ful+SR605+hil
1878014,2996734,text,1001,text/html,Enrolled,https://legiscan.com/VA/text/SR605/id/2996734,https://lis.virginia.gov/cgi-bin/legp604.exe?242+ful+SR605ER+hil
1878079,2996764,text,1036,text/html,Introduced,https://legiscan.com/VA/text/SR606/id/2996764,https://lis.virginia.gov/cgi-bin/legp604.exe?242+ful+SR606+hil
1878079,2996765,text,837,text/html,Enrolled,https://legiscan.com/VA/text/SR606/id/2996765,https://lis.virginia.gov/cgi-bin/legp604.exe?242+ful+SR606ER+hil
1878026,2996738,text,761,text/html,Introduced,https://legiscan.com/VA/text/SR607/id/2996738,https://lis.virginia.gov/cgi-bin/legp604.exe?242+ful+SR607+hil
1878026,2996739,text,593,text/html,Enrolled,https://legiscan.com/VA/text/SR607/id/2996739,https://lis.virginia.gov/cgi-bin/legp604.exe?242+ful+SR607ER+hil
1877949,3000206,text,5832,text/html,Introduced,https://legiscan.com/VA/text/SR608/id/3000206,https://lis.virginia.gov/cgi-bin/legp604.exe?242+ful+SR608+hil
1877949,3000207,text,5736,text/html,Enrolled,https://legiscan.com/VA/text/SR608/id/3000207,https://lis.virginia.gov/cgi-bin/legp604.exe?242+ful+SR608ER+hil
1877913,2996523,text,6629,text/html,Introduced,https://legiscan.com/VA/text/SR609/id/2996523,https://lis.virginia.gov/cgi-bin/legp604.exe?242+ful+SR609+hil
1877913,3000202,text,6333,text/html,Enrolled,https://legiscan.com/VA/text/SR609/id/3000202,https://lis.virginia.gov/cgi-bin/legp604.exe?242+ful+SR609ER+hil
1877888,2996506,text,4052,text/html,Introduced,https://legiscan.com/VA/text/SR610/id/2996506,https://lis.virginia.gov/cgi-bin/legp604.exe?242+ful+SR610+hil
1877888,3000197,text,3872,text/html,Enrolled,https://legiscan.com/VA/text/SR610/id/3000197,https://lis.virginia.gov/cgi-bin/legp604.exe?242+ful+SR610ER+hil
1877917,2996526,text,3957,text/html,Introduced,https://legiscan.com/VA/text/SR611/id/2996526,https://lis.virginia.gov/cgi-bin/legp604.exe?242+ful+SR611+hil
1877917,3000203,text,3785,text/html,Enrolled,https://legiscan.com/VA/text/SR611/id/3000203,https://lis.virginia.gov/cgi-bin/legp604.exe?242+ful+SR611ER+hil
1878112,2996779,text,2300,text/html,Introduced,https://legiscan.com/VA/text/SR612/id/2996779,https://lis.virginia.gov/cgi-bin/legp604.exe?242+ful+SR612+hil
1878112,3000233,text,2162,text/html,Enrolled,https://legiscan.com/VA/text/SR612/id/3000233,https://lis.virginia.gov/cgi-bin/legp604.exe?242+ful+SR612ER+hil
1877954,2996552,text,2537,text/html,Prefiled,https://legiscan.com/VA/text/SR613/id/2996552,https://lis.virginia.gov/cgi-bin/legp604.exe?242+ful+SR613+hil
1877954,3000210,text,2365,text/html,Enrolled,https://legiscan.com/VA/text/SR613/id/3000210,https://lis.virginia.gov/cgi-bin/legp604.exe?242+ful+SR613ER+hil
1877902,2996515,text,2988,text/html,Introduced,https://legiscan.com/VA/text/SR614/id/2996515,https://lis.virginia.gov/cgi-bin/legp604.exe?242+ful+SR614+hil
1877902,3000198,text,2837,text/html,Enrolled,https://legiscan.com/VA/text/SR614/id/3000198,https://lis.virginia.gov/cgi-bin/legp604.exe?242+ful+SR614ER+hil
1882807,3010357,text,2001,text/html,Introduced,https://legiscan.com/VA/text/SR615/id/3010357,https://lis.virginia.gov/cgi-bin/legp604.exe?242+ful+SR615+hil
1882807,3011430,text,1875,text/html,Enrolled,https://legiscan.com/VA/text/SR615/id/3011430,https://lis.virginia.gov/cgi-bin/legp604.exe?242+ful+SR615ER+hil
1882800,3010350,text,1811,text/html,Introduced,https://legiscan.com/VA/text/SR616/id/3010350,https://lis.virginia.gov/cgi-bin/legp604.exe?242+ful+SR616+hil
1882800,3011432,text,1692,text/html,Enrolled,https://legiscan.com/VA/text/SR616/id/3011432,https://lis.virginia.gov/cgi-bin/legp604.exe?242+ful+SR616ER+hil
1882871,3010421,text,3379,text/html,Introduced,https://legiscan.com/VA/text/SR617/id/3010421,https://lis.virginia.gov/cgi-bin/legp604.exe?242+ful+SR617+hil
1882871,3011445,text,3142,text/html,Enrolled,https://legiscan.com/VA/text/SR617/id/3011445,https://lis.virginia.gov/cgi-bin/legp604.exe?242+ful+SR617ER+hil
1882834,3010384,text,3006,text/html,Introduced,https://legiscan.com/VA/text/SR618/id/3010384,https://lis.virginia.gov/cgi-bin/legp604.exe?242+ful+SR618+hil
1882834,3011435,text,2860,text/html,Enrolled,https://legiscan.com/VA/text/SR618/id/3011435,https://lis.virginia.gov/cgi-bin/legp604.exe?242+ful+SR618ER+hil
1882866,3011442,text,3704,text/html,Introduced,https://legiscan.com/VA/text/SR619/id/3011442,https://lis.virginia.gov/cgi-bin/legp604.exe?242+ful+SR619+hil
1882866,3011443,text,3534,text/html,Enrolled,https://legiscan.com/VA/text/SR619/id/3011443,https://lis.virginia.gov/cgi-bin/legp604.exe?242+ful+SR619ER+hil
1882859,3010409,text,5026,text/html,Introduced,https://legiscan.com/VA/text/SR620/id/3010409,https://lis.virginia.gov/cgi-bin/legp604.exe?242+ful+SR620+hil
1882859,3011447,text,4792,text/html,Enrolled,https://legiscan.com/VA/text/SR620/id/3011447,https://lis.virginia.gov/cgi-bin/legp604.exe?242+ful+SR620ER+hil
1882825,3010373,text,4866,text/html,Introduced,https://legiscan.com/VA/text/SR621/id/3010373,https://lis.virginia.gov/cgi-bin/legp604.exe?242+ful+SR621+hil
1882825,3011431,text,4624,text/html,Enrolled,https://legiscan.com/VA/text/SR621/id/3011431,https://lis.virginia.gov/cgi-bin/legp604.exe?242+ful+SR621ER+hil
1882832,3010382,text,2751,text/html,Introduced,https://legiscan.com/VA/text/SR622/id/3010382,https://lis.virginia.gov/cgi-bin/legp604.exe?242+ful+SR622+hil
1882832,3011436,text,2605,text/html,Enrolled,https://legiscan.com/VA/text/SR622/id/3011436,https://lis.virginia.gov/cgi-bin/legp604.exe?242+ful+SR622ER+hil
1882844,3010393,text,3279,text/html,Introduced,https://legiscan.com/VA/text/SR623/id/3010393,https://lis.virginia.gov/cgi-bin/legp604.exe?242+ful+SR623+hil
1882844,3011438,text,3123,text/html,Enrolled,https://legiscan.com/VA/text/SR623/id/3011438,https://lis.virginia.gov/cgi-bin/legp604.exe?242+ful+SR623ER+hil
1882851,3010399,text,3344,text/html,Introduced,https://legiscan.com/VA/text/SR624/id/3010399,https://lis.virginia.gov/cgi-bin/legp604.exe?242+ful+SR624+hil
1882851,3011440,text,3189,text/html,Enrolled,https://legiscan.com/VA/text/SR624/id/3011440,https://lis.virginia.gov/cgi-bin/legp604.exe?242+ful+SR624ER+hil
1882948,3010528,text,3020,text/html,Introduced,https://legiscan.com/VA/text/SR625/id/3010528,https://lis.virginia.gov/cgi-bin/legp604.exe?242+ful+SR625+hil
1882948,3013289,text,2885,text/html,Enrolled,https://legiscan.com/VA/text/SR625/id/3013289,https://lis.virginia.gov/cgi-bin/legp604.exe?242+ful+SR625ER+hil
1883710,3012867,text,2794,text/html,Introduced,https://legiscan.com/VA/text/SR626/id/3012867,https://lis.virginia.gov/cgi-bin/legp604.exe?242+ful+SR626+hil
1883710,3013300,text,2651,text/html,Enrolled,https://legiscan.com/VA/text/SR626/id/3013300,https://lis.virginia.gov/cgi-bin/legp604.exe?242+ful+SR626ER+hil
1883891,3013057,text,3133,text/html,Introduced,https://legiscan.com/VA/text/SR627/id/3013057,https://lis.virginia.gov/cgi-bin/legp604.exe?242+ful+SR627+hil
1883891,3013315,text,2985,text/html,Enrolled,https://legiscan.com/VA/text/SR627/id/3013315,https://lis.virginia.gov/cgi-bin/legp604.exe?242+ful+SR627ER+hil
1883893,3013058,text,2106,text/html,Introduced,https://legiscan.com/VA/text/SR628/id/3013058,https://lis.virginia.gov/cgi-bin/legp604.exe?242+ful+SR628+hil
1883893,3013313,text,1987,text/html,Enrolled,https://legiscan.com/VA/text/SR628/id/3013313,https://lis.virginia.gov/cgi-bin/legp604.exe?242+ful+SR628ER+hil
1883894,3013059,text,3327,text/html,Introduced,https://legiscan.com/VA/text/SR629/id/3013059,https://lis.virginia.gov/cgi-bin/legp604.exe?242+ful+SR629+hil
1883894,3013316,text,3172,text/html,Enrolled,https://legiscan.com/VA/text/SR629/id/3013316,https://lis.virginia.gov/cgi-bin/legp604.exe?242+ful+SR629ER+hil
1883896,3013096,text,3841,text/html,Introduced,https://legiscan.com/VA/text/SR630/id/3013096,https://lis.virginia.gov/cgi-bin/legp604.exe?242+ful+SR630+hil
1883896,3013287,text,3671,text/html,Enrolled,https://legiscan.com/VA/text/SR630/id/3013287,https://lis.virginia.gov/cgi-bin/legp604.exe?242+ful+SR630ER+hil
